document,text
A,"Awal mula sejarah munculnya olahraga sepak bola masih mengundang perdebatan. Beberapa dokumen menjelaskan bahwa sepak bola lahir sejak masa Romawi, sebagian lagi menjelaskan bahwa sepak bola berasal dari Tiongkok. FIFA sebagai badan sepak bola dunia secara resmi menyatakan bahwa sepak bola lahir dari daratan Cina yaitu berawal dari permainan masyarakat Cina abad ke-2 sampai dengan ke-3 SM. Olah raga ini saat itu dikenal dengan sebutan “tsu chu “.Dalam salah satu dokumen militer menyebutkan, pada tahun 206 SM, pada masa pemerintahan Dinasti Tsin dan Han, masyarakat Cina telah memainkan bola yang disebut tsu chu. Tsu sendiri artinya “menerjang bola dengan kaki”. sedangkan chu, berarti “bola dari kulit dan ada isinya”. Permainan bola saat itu menggunakan bola yang terbuat dari kulit binatang, dengan aturan menendang dan menggiring dan memasukkanya ke sebuah jaring yang dibentangkan diantara dua tiang.Versi sejarah kuno tentang sepak bola yang lain datangnya dari negeri Jepang, sejak abad ke-8, masyarakat disana telah mengenal permainan bola. Masyarakat disana menyebutnya dengan: Kemari. Sedangkan bola yang dipergunakan adalah kulit kijang namun ditengahnya sudah lubang dan berisi udara."
B,"Turin - Rumor Cristiano Ronaldo ingin pergi dari Juventus dibenarkan oleh pelatih Massimiliano Allegri. Ronaldo disebut sudah tak mau bermain untuk Bianconeri. ""Kemarin, Ronaldo mengatakan kepada saya bahwa dia tidak lagi memiliki niat bermain untuk Juventus. Berdasarkan alasan itu dia tidak akan dipanggil untuk pertandingan besok,"" kata Allegri dalam konferensi pers jelang Juventus vs Empoli. Juventus vs Empoli berlangsung di Allianz Stadium, Minggu (29/8/2021) dini hari WIB. Ini adalah pekan kedua Liga Italia 2021/2022 dan Ronaldo pada pekan pertama main di babak kedua melawan Udinese dalam skor pertandingan yang berakhir 2-2. Manchester City santer dikabarkan sebagai pelabuhan Cristiano Ronaldo selanjutnya. Jorge Mendes juga disebut-sebut sudah melakukan pembicaraan dengan pihak The Citizens. Juventus menginginkan mahar di kisaran 28 juta euro sampai 30 juta euro dari Man City untuk membuka pintu keluar Ronaldo. Belum ada keterangan resmi apakah kedua pihak sudah sepakat dan Juve kabarnya juga menginginkan Gabriel Jesus. ""Segalanya berubah, ini adalah hukum kehidupan. Juventus tetap, yang merupakan hal terpenting. Ronaldo memberikan kontribusinya, dia membuat dirinya tersedia, sekarang dia pergi dan hidup terus berjalan,"" Allegri menegaskan. Juventus mendapatkan Ronaldo dari Real Madrid dengan biaya sekitar 100 juta euro. Kontraknya di Turin bakal habis pada musim panas tahun depan. Ronaldo sejauh ini tampil sebanyak 134 laga dengan mencetak 101 gol dan 22 assist. Pemain berusia 36 tahun itu juga berhasil meraih gelar top skor Liga Italia 2020/2021. Moise Kean dikabarkan menjadi pengganti Cristiano Ronaldo dikarenakan agen Mino Raiola sedang berada di markas Si Nyonya Tua. Juventus sebelumnya sudah menjual Kean ke Everton pada 2019."
C,"Jakarta, 16 Mei 2021
Penghentian sementara distribusi dan penggunaan vaksin AstraZeneca Batch (Kumpulan Produksi) CTMAV547 untuk pengujian toksisitas dan sterilitas oleh BPOM adalah bentuk upaya kehati-hatian pemerintah untuk memastikan keamanan vaksin ini. Tidak semua batch vaksin AstraZeneca dihentikan distribusi dan penggunaannya. Hanya Batch CTMAV547 yang dihentikan sementara sambil menunggu hasil investigasi dan pengujian dari BPOM yang kemungkinan memerlukan waktu satu hingga dua minggu. Batch CTMAV547 saat ini berjumlah 448,480 dosis dan merupakan bagian dari 3,852,000 dosis AstraZeneca yang diterima Indonesia pada tanggal 26 April 2021 melalui skema Covax Facility/WHO. Batch ini sudah didistribusikan untuk TNI dan sebagian ke DKI Jakarta dan Sulawesi Utara. Adapun terkait dengan laporan Kejadian Ikutan Pasca Imunisasi (KIPI) serius yang diduga berkaitan dengan AstraZeneca Batch CTMAV547, Komnas KIPI telah merekomendasikan BPOM untuk melakukan uji sterilitas dan toksisitas terhadap Kelompok tersebut dikarenakan tidak cukup data untuk menegakkan diagnosis penyebab dan klasifikasi dari KIPI yang dimaksud. Batch AstraZeneca selain CTMAV547 aman digunakan sehingga masyarakat tidak perlu ragu. “Ini adalah bentuk kehati-hatian pemerintah untuk memastikan keamanan vaksin ini. Kementerian Kesehatan menghimbau masyarakat untuk tenang dan tidak termakan oleh hoax yang beredar. Masyarakat diharapkan selalu mengakses informasi dari sumber terpercaya,” kata juru bicara Kementerian Kesehatan dr. Siti Nadia Tarmizi. “Penggunaan vaksin AstraZeneca tetap terus berjalan dikarenakan vaksinasi Covid-19 membawa manfaat lebih besar,” tambah beliau. Hingga saat ini, berdasarkan data Komnas KIPI belum pernah ada kejadian orang yang meninggal dunia akibat vaksinasi Covid-19 di Indonesia. Dalam beberapa kasus sebelumnya, meninggalnya orang yang statusnya telah divaksinasi COVID-19 adalah karena penyebab lain, bukan akibat dari vaksinasi yang diterimanya."
D,"Jakarta 2 Oktober 2021 – Hari ini, Indonesia kembali kedatangan vaksin Astrazeneca yang merupakan donasi dari pemerintah Perancis sebanyak 600.000 dosis. Dengan kedatangan tahap 83 ini, jumlah vaksin yang telah hadir di Indonesia baik dalam bentuk bulk maupun bentuk jadi adalah sebanyak 276,159,850 dosis. Duta Besar Perancis untuk Indonesia, Olivier Chambard mengatakan hari ini adalah penerimaan terakhir dari sekitar tiga juta dosis vaksin yang dikirim oleh Pemerintah Perancis sebagai bagian dari upaya solidaritas yang diinginkan oleh Presiden Macron untuk membantu masyarakat Indonesia dalam menghentikan pandemi. “Untuk memenangkan perang melawan COVID-19 ini, akses ke vaksin harus secara global dan setara,” Kata Duta Besar Perancis untuk Indonesia tersebut. Menteri Luar Negeri, Retno Marsudi menyampaikan apresiasi dan terima kasihnya kepada pemerintah Perancis atas dose-sharing kepada Indonesia. Selain terus menyuarakan kesetaraan akses vaksin untuk semua negara, Menlu Retno juga menyebut, Indonesia berada di garda depan dalam memberikan masukan bagi upaya penataan ulang arsitektur kesehatan dunia agar dunia lebih siap hadapi tantangan kesehatan di masa mendatang. Sebagai tambahan informasi, per 2 Oktober 2021, sudah 44% dari sasaran vaksinasi yang mendapatkan dosis pertama dan 25,2% sudah mendapatkan dosis lengkap. Untuk kelompok lansia, sudah sebanyak 6,6 juta orang yang mendapatkan dosis pertama dan 4,4 juta diantaranya sudah mendapatkan dosis lengkap."
E,"Buku resep ini disusun oleh Naji Iijima, seorang food stylist terkenal untuk penataan makanan pada iklan televisi dan film, yang juga pengarang dari buku “Reel Cuisine: Blockbuster Dishes from the Silver Screen”. Masakan yang dijabarkan dalam buku One Piece: Pirates Recipe ini dibuat dengan cara yang mudah dimengerti dan menggunakan bahan-bahan yang mudah didapat. Dikutip dari onepiece.fandom.com, makanan kesukaan Luffy yaitu daging tulang atau Meat on the Bone, tentunya masuk dalam buku resep ini. Selain itu, ada nasi goreng spesial untuk Gin atau Gin’s Takeout Stirfry yang terinspirasi dari volume 8 bagian 69. Lalu ada White Sea Dish - Skyfish Sautee (volume 26 bagian 237), Dessert-Trekking Pirate Lunchbox (volume 18 bagian 162) , dan Split-the-Booty Sandwiches (volume 32 bagian 302). Total semuanya ada 40 resep masakan yang terinspirasi dari bagian cerita Baratie Arch sampai Fish-Man Island Arc. Selain itu, ada juga bonus informasi tentang kebiasaan makan Eiichiro Oda, sang mangaka pencipta One Piece. Dan juga makanan yang biasanya dimakan oleh Oda di rumah atau di tempat kerjanya bersama para asisten."
F,"Salah satu permainan di Indonesia yang paling banyak peminatnya adalah sepak bola. Bahkan permainan yang satu ini boleh dibilang yang paling banyak diminati, mengingat di setiap pertandingan yang ada tidak pernah luput dari banyaknya penonton. Sepak bola selain menjadi ajang olahraga, juga menjadi ajang hiburan bagi sebagian orang. Salah satu buktinya, banyak ditemukan cewek cowok yang mungkin tidak jago bermain bola namun rela berdesak-desakan ke stadion untuk nonton atau mendukung tim kesayangan. Nah agar punya insight lebih tentang permainan sepak bola, mari kita ketahui penjelasan lengkap seputar pengertian sepak bola, sejarah, peraturan, teknik dasar, manfaat hingga tokoh-tokoh sepak bola terkenal di Indonesia. Permainan sepak bola melibatkan pergerakan unsur fisik, mental, motorik kasar dan motorik halus, serta di bangun dengan kekuatan tim yang solid. Pergerakan semua unsur tersebut dilakukan untuk menjaga pergerakan bola tetap dinamis dan melewati garis gawang."
G,"KOMPAS.com - WhatsApp, Instagram, dan Facebook mengalami down secara bersamaan, Senin (4/10/2021).  Gangguan dialami semua pengguna di hampir seluruh negara.  Di Indonesia, pengguna melaporkan adanya gangguan sejak pukul 22.46 WIB. ""Kami menyadari bahwa beberapa orang mengalami kesulitan mengakses aplikasi dan produk kami. Kami sedang berupaya agar semuanya kembali normal secepat mungkin, dan kami mohon maaf atas ketidaknyamanan ini,"" kata akun Facebook mengakui mereka mengalami gangguan dan sedang dalam upaya untuk memperbaikinya. ""Kami menyadari bahwa beberapa orang mengalami masalah dengan WhatsApp saat ini. Kami sedang berusaha untuk mengembalikan semuanya menjadi normal dan akan mengirimkan pembaruan di sini sesegera mungkin. Terima kasih atas kesabaran Anda!,"" tulis WhatsApp. Hal serupa juga diungkapnya oleh pihak akun Twitter Instagram. ""Instagram dan teman-teman sedang mengalami sedikit kesulitan saat ini, dan Anda mungkin mengalami masalah saat menggunakannya. Bersabarlah bersama kami, kami siap!#instagramdown,"" twit tersebut. Dilaporkan gangguan di sejumlah negara WhatsApp, Instagram, dan Facebook dilaporkan down atau mengalami gangguan, Senin (4/10/2021) sekitar pukul 22.46 WIB. Hal itu seperti tercatat di laman downdetector. Sejumlah warganet mengeluhkan tidak dapat mengirim pesan melalui WhatsApp. ""Waduh eror pdhal lg chat penting,"" ujar Galih di laman downdetector. ""Pesan tidak terkirim melalui WA ataupun WA Business,"" tulis David. Tagar WhatsApp, #Instagramdown, dan #Facebookdown juga memuncaki daftar trendik topik Twitter. Sedikitnya ada lebih dari 850.000 warganet Twitter yang mengeluhkan gangguan pada aplikasi WhatsApp mereka. Sementara yang mentwit dengan tagar #Instagramdown ada lebih dari 40.000 dan #Instgramdown ada 20.000 kali.  Hingga saat ini WhatsApp, Instagram, dan Facebook masih down dan belum dapat diakses oleh penggunanya. "
H,"Zaman sekarang sudah canggih, era digitalisasi untuk berkomunikasi dari Sabang sampai Merauke pun tidaklah sulit. Bagi anak-anak yang tumbuh di era digitalisasi sekarang, anak umur belum genap satu tahunpun sudah bisa menggeser gawai. YouTube sebagai emaknya tiktok sebagai bapaknya. Sekolah dari TK sampai dengan SMA bahkan perguruan tinggi pun tinggal klik tugas digawainya. Fenomena ini lebih gencarnya lagi saat ini di masa Pandemi Covid-19 yang mana kita tidak boleh berkumpul-kumpul, harus jaga jarak, mematuhi aturan protokol Covid-19 dari pemerintah. Sekolah tidak bisa melaksanakan pembelajaran tatap muka bertemu secara langsung dari awal tahun 2020 sampai dengan sekarang memasuki tahun 2021. Hal yang menjadi solusi bagi masa Pandemi Covid-19 ini untuk anak-anak dari TK sampai dengan SMA yaitu belajar di rumah (BDR). Terlihat di sosial media, guru dengan gencarnya memberikan materi untuk peserta didiknya melewati zoom, google classroom, zenius, pesan WhatsApp, bahkan aplikasi lainnya. Guru mengembangkan pembelajaran walaupun tidak tatap muka langsung melainkan lewat era digitalisasi tadi. Lalu bagaimana sekolah yang di desa? Guru yang mengajar di desa pun ingin memberikan pembelajaran era digitalisasi seperti sekolah di kota. Tetapi bagaimana? Banyak hambatan bagi guru di desa untuk menerapkan pembelajaran daring pembelajaran yang menggunakan akses internet. Sekolah di desa terpencil peserta didik yang memiliki gawai hanya bisa dihitung jari. Contohnya dari 61 peserta didik yang memiliki gawai handphone android hanya 10 orang. "
I,"Pernah mengalami instagram lemot, error atau down? Hari ini IG telah menjadi media sosial terbesar yang memiliki jutaan user di seluruh pelosok bumi. Jadi apabila kamu pernah mengalami gangguan media sosial (tidak hanya instagram saja), maka terdapat beberapa faktor penyebab hal tersebut bisa terjadi. Dan kali ini kosngosan akan membahasnya untuk kalian. Instagram bisa saja lemot, eror atau bermasalah ketika diakses menggunakan iPhone, Android phone atau dari PC dan komputer. Permasalahannya adalah mengapa hal ini bisa terjadi? mengingat IG kini sudah dimiliki oleh Facebook, tentu saja manajemen dan sumberdaya teknologi yang dimilikinya juga sudah sekelas wahid. Namun tidak bisa dipungkiri bahwa yang namanya media sosial pernah mengalami permasalahan. Ada yang berasal dari server media sosial itu sendiri, kebijakan suatu negara atau justru permasalahan internal pada perangkat pengguna seperti di smartphone Xiaomi, Oppo, Vivo, Samsung atau yang lain. Saat ini Instagram memang menjadi salah satu media sosial yang tidak hanya untuk hiburan saja, ja tetapi juga digunakan untuk menggeruk bisnis, menjaga eksistensi dan juga sebagai sarana publik figur untuk menjaga hubungan baik dengan para followernya. Kamu bisa mengakses Instagram melalui aplikasi, yaitu kamu bisa mendownload aplikasi yang sudah tersedia di Google Store atau di Apple store kemudian menginstalnya di perangkat mu, atau langsung mengunjungi di situs instagram.com. Berbeda lagi apabila sobat kosngosan mengunjungi Instagram menggunakan perangkat komputer atau laptop. Karena memang pada dasarnya media sosial ini untuk pengguna smartphone, jadi ketika sobat kosngosan membukanya lewat komputer atau laptop kamu tidak akan bisa mengupload foto atau video dengan cara biasa."
J,"Jakarta, 13 Agustus 2021 Pemerintah Indonesia telah menerima hibah vaksin COVID-19 Moderna dari Covax Facility sebanyak 8 juta dosis. Vaksin COVID-19 ini sudah mulai diberikan kepada tenaga kesehatan (nakes) dan tenaga penunjang kesehatan sebagai vaksin dosis ketiga. Peningkatan kasus terkonfirmasi COVID-19 yang tinggi mendorong Pemerintah untuk secara khusus memberikan perlindungan tambahan kepada nakes yang sehari-hari dihadapkan dengan risiko tinggi penularan COVID-19. Pemberian vaksinasi dosis ketiga bagi nakes ini juga telah mendapatkan rekomendasi dari Komite Penasihat Ahli Imunisasi Nasional atau ITAGI berdasarkan hasil kajian yang dilakukan dan disampaikan kepada Kementerian Kesehatan melalui surat nomor 71/ITAGI/Adm/VII/2021 tanggal 8 Juli 2021. Selain untuk vaksinasi dosis ketiga bagi nakes, Kementerian Kesehatan (Kemenkes) juga telah mengeluarkan kebijakan bahwa vaksin COVID-19 Moderna diberikan kepada peserta yang belum pernah mendapatkan vaksinasi COVID-19. “Kami menghimbau kepada pemerintah daerah untuk memberikan vaksin merek Moderna sebagai dosis ketiga hanya kepada nakes. Selain untuk nakes, vaksin COVID-19 Moderna juga diperuntukkan bagi publik, khususnya ibu hamil dan masyarakat yang memiliki komorbid, yang belum pernah mendapatkan vaksinasi sama sekali,” terang dr. Siti Nadia Tarmizi M.Epid, Juru Bicara Vaksinasi COVID-19 Kemenkes RI. Pada Surat Edaran HK.02.01/I/ 1919 /2021, Kemenkes menjelaskan bahwa vaksinasi dosis ketiga bagi nakes dapat menggunakan vaksin dengan platform yang sama (Sinovac) atau platform yang berbeda (Moderna), dengan interval minimal pemberian vaksinasi dosis ketiga adalah 3 bulan setelah dosis kedua diberikan. Khusus bagi masyarakat yang belum pernah menerima vaksinasi, vaksin COVID-19 Moderna diberikan sebanyak 2 (dua) dosis dengan interval 4 minggu, sehingga vaksin yang dialokasikan pada minggu ke 2 Agustus 2021 ini untuk memenuhi kebutuhan 2 (dua) dosis sekaligus. Sementara itu, vaksinasi bagi ibu hamil yang dimulai per 2 Agustus 2021 itu direkomendasikan untuk ibu hamil dengan prioritas pada daerah risiko tinggi. Vaksin yang direkomendasikan selain Moderna adalah Pfizer dan Sinovac sesuai ketersediaan. Untuk pemberian dosis satu vaksinasi COVID-19 bagi ibu hamil dimulai pada trimester kedua kehamilan, dan untuk pemberian dosis kedua dilakukan sesuai dengan interval dari jenis vaksin yang diberikan. Misalnya untuk vaksin merek Moderna, interval dosis 1 dan 2 adalah 4 minggu. Hotline Virus Corona 119 ext 9. Berita ini disiarkan oleh Biro Komunikasi dan Pelayanan Masyarakat, Kementerian Kesehatan RI. Untuk informasi lebih lanjut dapat menghubungi nomor hotline Halo Kemenkes melalui nomor hotline 1500-567, SMS 081281562620, faksimili (021) 5223002, 52921669, dan alamat email kontak@kemkes.go.id. Kepala Biro Komunikasi dan Pelayanan Masyarakat"
K,"Para pecinta Squid Game sangat tertarik dengan adanya kue dalgona, kue Korea yang bentuknya seperti permen dengan bentuk timbul di permukaan. Drama Korea Squid Game menjadi salah satu serial orisinal Netflix yang paling banyak ditonton, hingga pemirsa internasional mengikuti pada tiap tingkatan episodenya. Pada episode sembilan yang mengikuti sekelompok orang-orang kurang beruntung, menemukan diri mereka terjebak di arena terpencil. Dimana mereka harus bersaing dalam serangkaian permainan nostalgia masa anak-anak dengan konsekuensi hidup atau mati untuk kesempatan memenangkan jutaan dari dolar. Dalam satu tantangan tertentu para pemain berusaha bertahan hidup dengan cara mengukir bentuk menjadi sepotong permen sarang lebah, tanpa membiarkannya hancur atau pecah, bermacam bentuk  dibuat seperti lingkaran, segitiga, bintang atau payung dll. Sejak saat itu warganet menjadi sangat tertarik dengan kue tersebut, camilan Korea yang dikenal dengan nama dalgona, yang kini mengalami peningkatan popularitas. Selain menyajikan berbagai meme kocak, episode tersebut juga memicu tantangan di aplikasi TikTok. Banyak yang baru-baru ini memposting video tentang upaya membuat dalgona dan mencoba mengukir bentuknya. Salah satu TikToker bernama Lynja (@cookingwithlynja) memberikan tutorial tentang cara membuat kue dalgona di rumah. Dia berbagi video lucu pada minggu lalu membuat suguhan di bawah pengawasan salah satu staf Squid Game yang membawa senjata bertopeng."
L,"Presiden RI Joko Widodo memastikan pelaksanaan vaksinasi COVID-19 berjalan lancar dan merata dari Sabang sampai Merauke dengan melihat langsung program vaksinasi di Kabupaten Merauke, Provinsi Papua. Penting untuk Indonesia dapat melakukan pemerataan vaksin, karena COVID-19 tidak mungkin hilang secara total. Kita harus belajar hidup dengan COVID-19 dengan divaksinasi dan tetap disiplin menjalankan protokol kesehatan, yang paling utama memakai masker."
M,"Jakarta, 4 Oktober 2021
Pemerintah Indonesia telah berhasil mencapai 2 juta dosis vaksinasi COVID-19. Data yang dihimpun Satgas COVID-19 pada tanggal 29 September 2021 sebanyak 2.049.125 dosis vaksin yang telah disuntikan. Secara rinci sebanyak 1.291.850 dosis vaksin ke-1 dan 757.275 dosis vaksin ke-2. Dengan demikian sampai tanggal tersebut jumlah penduduk yang sudah disuntik dosis pertama sebanyak 89.822.987 orang dan 50.412.993 orang untuk vaksin ke-2. Ini berarti vaksinasi dosis pertama sudah menjangkau 43,13% dan 24,21% untuk dosis ke-2 dari target vaksinasi 208.265.720 orang. Sementara untuk dosis ke-3 atau vaksinasi booster bagi tenaga kesehatan sebayak 7.283 dosis per hari ini dengan jumlah tenaga kesehatan 924.828 orang. Capaian vaksinasi tersebut dicapai berkat usaha optimal dan gotong royong dengan semua pihak terutama TNI/Polri, pemerintah daerah, BUMN dan pihak swasta yang turut membantu. Kemenkes terus berupaya meningkatkan percepatan vaksinasi. Kepala Biro Komunikasi dan Pelayanan Masyarakat drg. Widyawati, MKM mengatakan selain membuka vaksinasi massal dengan bekerja sama dengan berbagai elemen masyarakat, Kemenkes juga telah mengeluarkan Surat Edaran yang menginstruksikan seluruh pos pelayanan vaksinasi, Unit Pelaksana Teknis di bawah Kemenkes, seperti Kantor Kesehatan Pelabuhan (KKP), RS Vertikal, Poltekkes, di seluruh Indonesia untuk melakukan vaksinasi kepada semua target sasaran tanpa memandang domisili atau tempat tinggal pada KTP. “Salah satu strategi pemerintah adalah mengupayakan ketersediaan vaksin dan mempercepat program vaksinasi sehingga semakin banyak masyarakat terlindungi,” katanya di kantor Kementerian Kesehatan, Senin (4/10). Pemerintah juga terus mengupayakan ketersediaan vaksin baik lewat skema multilateral maupun bilateral demi mencukupi stok yang ada saat ini dan menjaga laju vaksinasi sesuai dengan stok vaksin yang ada. Seluruh masyarakat Indonesia diminta untuk memanfaatkan kesempatan ini dengan sebaik-baiknya, karena dengan vaksinasi dan melaksanakan protokol kesehatan yang ketat akan semakin banyak dan semakin cepat masyarakat terlindungi dari COVID-19."
N,"TRIBUNNEWS.COM, JAKARTA - Layanan internet Indihome mengalami gangguan teknis, yang membuat para penggunanya tidak bisa mengakses internet untuk berselancar. Menurut pantauan pantauan situs Downdetector pada Senin (20/9/2021), terdapat laporan gangguan terhadap layanan internet Indihome sejak 19 September 2021. Setidaknya ada lebih dari 200 laporan oleh para pengguna Indihome. Dari total laporan tersebut lokasi yang paling banyak mengalami laporan gangguan yaitu Jakarta, Bekasi Malang, Semarang, Yogyakarta, Makassar, Surabaya, Bandung dan Kediri. Sebanyak 98 persen dari total laporan tersebut, menyebutkan adanya masalah jaringan internet, sementara 2 persen mengalami masalah black out dan 1 persen ada masalah pada layanan televisi Indihome. Salah satu pengguna layanan Indihome bernama Aftar, memberikan komentar di laman situs Downdetector. Ia menyatakan bahwa layanan internet masih terasa lambat dan sulit diakses. Menanggapi hal tersebut, Telkom sebagai penyedia layanan Indihome meyebutkan adanya penurunan akses jaringan internet yang disebabkan gangguan teknis di beberapa wilayah seperti Jawa Timur, Bali, Nusa Tenggara, Pulau Natuna, Kalimantan, Sulawesi, Maluku dan Papua. Vice President Corporate Communications Telkomsel Denny Abidin mengatakan, saat ini TelkomGroup sedang berusaha menemukan penyebab gangguan tersebut. ""Kami sedang berusaha menemukan penyebab gangguan, dan memprioritaskan percepatan pemulihan akses layanan internet di wilayah yang terdampak,"" ucap Deny, Senin (20/9/2021). Ia juga menyebutkan, sementar itu untuk layanan telepon dan juga pesan singkat masih dapat diakses dengan normal. ""Kami menyampaikan permohonan maaf atas hal ini, dan akan segera menginformasikan proses pemulihan layanan tersebut secara berkala,"" ucap Deny."
O,"Mengutip cuitan yang dituliskan oleh chef Arnold pada akun Twitter pribadinya @ArnoldPoernomo (26/7), salah satu juri MasterChef ini juga mengomentari peraturan tersebut. Ia bahkan mengatakan bahwa penjual makanan yang menyajikan makanan rasanya akan seperti sedang latihan untuk menjadi kontestan di MasterChef Indonesia. ""Wkwkwkwk PPKM makan cuma boleh 20 menit... yang masak pada latihan jadi kontestan MCI. ""Waktu kalian 20 menit dimulai dari sekarang"","" tulis Chef Arnold. Ia juga mengungkapkan yang akan terasa seperti sedang ada dalam kontes MasterChef bukan hanya orang-orang yang memasak. Ketika makanan harus dibuat dengan membutuhkan waktu sekitar 15 menit, maka tugas para pelayan yang menyajikan makanan akan serupa dengan para juri di MasterChef. ""Makanan keluar 15 menit... para waiters (pelayan) latihan jadi Juri MasterChef. ""Waktu makan kalian 5 menit dimulai dari sekarang"","" tulis cuitan lanjutan pada akun Twitter chef Arnold. Ternyata cuitan tersebut juga direspon dengan kocak oleh para pengikut chef Arnold di Twitter. Beberapa bahkan mengatakan peraturan ini menjadi waktu yang tepat untuk menerapkan latihan dasar kepemimpinan saat sekolah serta yang lainnya membayangkan jasa yang akan muncul akibat peraturan tersebut."
P,"Seorang pejabat dari Federasi Sepak Bola Pakistan mengatakan dalam kelompok itu, 81 orang akan ditempatkan di markas federasi di kota timur Lahore. Sejauh ini 34 orang akan tiba hari Kamis, jelasnya.Para pemain akan menetap di Pakistan di bawah penjagaan ketat selama 30 hari sebelum ke penampungan di negara ketiga, jelas pejabat tersebut seperti dilansir dari laman BBC, Kamis (16/9).The Independent belakangan mengungkapkan para pemain sepak bola itu menulis surat kepada Perdana Menteri Pakistan Imran Khan untuk meminta izin segera masuk ke negaranya.Surat tersebut menyebutkan mereka dalam risiko ""ancaman serius"" dari Taliban.Setelah kejatuhan Kabul pada bulan lalu, para pemain diingatkan oleh kapten tim national, Khalida Popal, untuk menghapus foto-foto mereka bermain di media sosial dan membakar peralatan untuk melindungi diri dari potensi balasan dari rezim yang baru."
Q,"Sekolah masa depan menggabungkan pembelajaran secara luring (luar jaringan) dan daring (dalam jaringan). Istilah populernya adalah blended learning.“Perkembangan teknologi yang pesat membuat anak semakin banyak berinteraksi dengan aktivitas daring yang cukup beragam,” ujar Praktisi pendidikan Laksmi Mayesti, di Jakarta, Minggu (22/8). Selain mendapatkan pengalaman belajar secara daring, siswa juga perlu mendapatkan pengalaman belajar secara luring. Pertemuan tatap muka secara langsung dengan guru dan siswa akan tetap menjadi kebutuhan pokok anak. Tujuan untuk menyeimbangkan kebutuhan sosialnya dan kognitifnya. Sehingga para siswa bisa benar-benar merasakan pengalaman sistem belajar campuran tersebut. “Sekolah perlu memberikan ruang untuk belajar secara langsung bersama fasilitator pendamping dan teman sekolah,” imbuhnya. Kelas luring, lanjutnya, perlu dilengkapi bahan ajar dan alat peraga atau praktikum yang lengkap. Sehingga para siswa mendapatkan pengalaman belajar tatap muka yang lebih optimal. Dia bertekad memajukan pendidikan Indonesia melalui sistem belajar campuran. “Anak mempunyai kesempatan mengeksplorasi belajar daring secara luas sesuai minatnya. Tetapi juga mendapatkan kesempatan untuk mengembangkan kebutuhan dan keterampilan sosial lewat pertemuan luring dengan guru dan teman,” pungkas Laksmi."
R,"Facebook, Instagram, dan WhatsApp down secara bersamaan tanpa diketahui penyebabnya.Berdasarkan laporan dan protes di Twitter, peristiwa ini nampaknya tidak hanya terjadi di wilayah Indonesia, namun juga di berbagai negara. Meski begitu, ada satu hal yang menarik yang ditemukan dari jutaan tweet terkait WhatsApp down yang muncul di lini masa.Pantauan Nextren melihat ada sejumlah netizen suudzon ke IndiHome saat WhatsApp down. Para warganet banyak yang menuduh IndiHome adalah dalang dari kendala yang terjadi pada Senin (4/10) malam tersebut. Kebanyakan dari mereka mengaku bahwa dugaan tersebut merujuk pada kasus IndiHome yang error pada beberapa waktu lalu. Penasaran dengan cuitan netizen yang menuding IndiHome sebagai dalang masalah ketika WhatsApp down? Simak rangkuman tweet yang Nextren kutip berikut ini. Ahmad Reza, selaku SVP Corporate Communication & Investor Relation Telkom, menuturkan bahwa sistem komunikasi laut sedang bermasalah. Kendala itu terjadi untuk sistem komunikasi laut yang ada Jawa, Sumatera, dan Kalimantan (Jasuka) ruas Batam - Pontianak. Alhasil, kualitas layanan internet di sejumlah daerah tersebut pun menurun. Reza mengatakan, ""Saat ini kami sudah langsung melakukan rerouting trafik sebagai alternatif jalur komunikasi menuju Batam, sehingga kualitas layanan dapat segera kembali normal sebelum tengah malam ini,"" dikutip dari Kompas, Senin (10/4)."
S,"Manchester United gagal meraih poin penuh saat menjamu Everton di laga pekan ketujuh Liga Inggris 2021-2022 pada Sabtu 2 Oktober 2021 malam WIB. Pada laga yang berakhir 1-1 itu, Ole Gunnar Solskjaer pun disalahkan karena mencadangkan Cristiano Ronaldo. Meski begitu, Solskjaer merasa tak bersalah sama sekali karena mencadangkan Ronaldo. Menurutnya mengistirahatkan Ronaldo dan memainkan pemain lain merupakan keputusan yang tepat. Pada pertandingan yang berlangsung di Stadion Old Trafford, pelatih asal Norwegia itu melakukan rotasi pada skuadnya. Di lini depan Edinson Cavani dan Anthony Martial dipercaya tampil sebagai starter. Cavani dan Martial menggantikan peran Ronaldo dan Jadon Sancho yang dalam beberapa laga terakhir selalu menjadi starter. Dengan keputusan berani Solskjaer itu The Red Devils –julukan Man United- mampu unggul lebih dulu melalui gol yang di cetak oleh Martial pada menit ke-43. Akan tetapi, di babak kedua Everton berhasil menyamakan kedudukan pada menit ke-65. Melalui gol serangan balik cepat Andres Townsend. Alhasil gol tersebut menjadi yang terakhir sekaligus menutup laga menjadi sama kuat 1-1. Megabintang Man United, Cristiano Ronaldo baru bermain pada menit ke-57 menggantikan Cavani. Padahal, pemain berusia 36 tahun itu adalah pencetak gol terbanyak Man United musim ini dengan lima gol dari lima pertandingan di semua kompetisi. Ronaldo sendiri telah tampil selama 33 menit pada pertandingan tersebut. Namun, ia tidak mampu berbuat banyak dan membantu timnya meraih kemenangan."
T,"Suara.com - Sejak Senin malam (4/10/2021) WhatsApp, Facebook, dan Instagram down secara global. Menariknya, tidak hanya tiga aplikasi itu yang menjadi topik panas di tengah warganet +62, tapi juga Indihome. Tidak ada gangguan Indihome kali ini. Tapi entah mengapa, warganet +62 tetap mengaitkannya ke pemadaman global WhatsApp, Facebook, dan Instagram kali ini. Dari pantauan Suara.com, hingga berita diturunkan Indihome menjadi trending topic Twitter, dibicarakan hingga lebih dari 25.700 cuitan. Berbagai komentar lucu hingga meme kocak pun menghiasi timeline Twitter dari warganet +62. Bahkan, tidak sedikit warganet yang sempat suudzon dengan Indihome karena tidak bisa mengirim pesan lewat WhatsApp, melihat postingan terbaru di Instagram dan Facebook. Pemadaman global pada WhatsApp, Instagram, dan Facebook terjadi lebih dari tujuh jam. Kini semua mulai pulih kembali dan CEO Facebook Mark Zuckerberg pun sudah menyampaikan permohonan maafnya melalui akun resminya."
U,"Startup wealthtech Ajaib mengonfirmasi kabar mengenai PHK. Dalam keterangan resmi yang disampaikan hari ini (29/11), Ajaib merumahkan 67 karyawan atau 8% dari total karyawan. Tidak disebutkan tim mana saja yang terdampak langkah efisiensi tersebut.Perwakilan manajemen Ajaib menyampaikan, dalam tiga tahun terakhir, perusahaan telah meningkatkan inklusi keuangan Indonesia melalui layanan jasa keuangan digital. Seluruh dampak positif dan perkembangan Ajaib sebagai perusahaan tidak terlepas dari dedikasi dan kerja keras tiap tim.“Strategi perusahaan juga terus diadaptasi agar Ajaib dapat berkembang secara berkelanjutan. Untuk memastikan kesiapan perusahaan menghadapi kondisi makroekonomi yang tidak menentu, kami terpaksa melakukan perampingan karyawan yang berdampak ke 67 karyawan,” ucap perwakilan Ajaib. Pegawai yang di-PHK akan mendapat kompensasi sesuai aturan perundang-undangan, serta tambahan bonus pesangon sebesar satu bulan untuk setiap tahun masa kerja, asuransi kesehatan bagi karyawan dan keluarga selama enam bulan ke depan, konseling, dan dukungan pencarian kerja. Di samping itu, jajaran manajemen Ajaib akan mengurangi gaji mereka secara sukarela dan para founder tidak akan menerima gaji. Langkah tersebut diharapkan tidak berdampak berdampak ke kelangsungan perusahaan dan layanan kepada nasabah Ajaib."
V,"Balikpapan – Institut Teknologi Kalimantan menginformasikan mengapa pentingnya bagi masyarakat untuk melakukan vaksin Booster. Vaksin Booster disebut juga vaksin dosis ketiga yang diberikan sebagai upaya untuk memutuskan rantai penularan COVID-19. Tujuannya dengan meningkatkan imunitas tubuh dalam melawan virus Corona. Dosis ketiga ini dinilai dapat meningkatkan efektivitas vaksin COVID-19 yang sebelumnya sudah diberikan. Menurut Indonesia Technical Advisory Group on Immunization (ITAGI) memberikan alasan mengapa pentingnya harus melakukan vaksin booster: Antibodi menurun dalam 6 bulan vaksinasi dan bersamaan dengan munculnya varian baru COVID-19. Pandemi belum berakhir dan belum diketahui kapan berakhir, sehingga diharuskan masyarakat memiliki imunitas yang tinggi. Semua masyarakat Indonesia berhak mendapat akses pada vaksin di seluruh Indonesia. Tentunya oleh sebab itu bagi masyarakat dan seluruh civitas akademik Institut Teknologi Kalimantan jangan lupa melakukan vaksinasi dosis 3 untuk menjaga imunitas tubuh. Tentu saja tubuh butuh proteksi lebih."
W,"Ruangguru telah melakukan layoff terhadap ratusan karyawannya. Tanpa menyebut angka pasti, pihak perusahaan telah mengonfirmasi kabar ini pada akhir pekan lalu. Tentu ini menambah daftar panjang startup teknologi lokal yang melakukan PHK dengan dalih efisiensi bisnis (menuju profitabilitas). Sebagai platform edtech dengan layanan terlengkap, Ruangguru menjadi startup yang cukup disorot selama pandemi. Layanannya dinilai efektif untuk pembelajaran daring, terbukti mereka berhasil membukukan 22 juta pengguna pada tahun 2020 lalu. Perusahaan juga mengatakan, tahun 2021 mereka mencapai Net Promoter Score (NPS) tertinggi di semua kategori produk dan pertumbuhan pendapatan berlipat ganda, menandai tahun pertamanya di titik profitabilitas. Anak usaha Ruangguru, yakni Skill Academy juga menjadi platform yang paling laris memfasilitasi program peningkatan kompetensi dari pemerintah dalam Kartu Pra-Kerja. Dari tren pertumbuhan tersebut, akhirnya Ruangguru melakukan perekrutan besar-besaran, dengan harapan tetap bisa mempertahankan dan meningkatkan growth. Namun kondisi sosial dan ekonomi yang sangat dinamis pasca-pandemi, justru memberikan dampak yang kurang baik untuk ""kesehatan"" perusahaan. Dua co-founder Ruangguru (Belva dan Iman) dalam keterangan resminya mengatakan: ""Di awal pandemi, layanan Ruangguru mengalami peningkatan permintaan yang besar yang berujung pada rekrutmen yang terlalu banyak dan terlalu cepat dalam dua tahun terakhir. Ditambah lagi, situasi ekonomi global belakangan ini memburuk secara drastis dan berada pada titik terendah dalam puluhan tahun terakhir, terlihat dari tingginya angka inflasi dan kenaikan suku bunga yang membuat iklim investasi dunia memburuk secara signifikan. Hal ini berdampak luas kepada komunitas startup teknologi global, termasuk kami di Ruangguru."""
X,"Jagad dunia maya digemparkan oleh berita Shopee yang melakukan lay-off terhadap sejumlah karyawannya. Setelah badai startup global yang melakukan aksi PHK sepanjang tahun 2022, kini giliran startup e-commerce terbesar di Tanah Air yang mengikuti langkah serupa. Tidak diketahui dengan pasti sebenarnya berapa banyak karyawan Shopee yang diberhentikan. Namun berdasarkan informasi yang diterima CNBC Indonesia, ada sekitar 3% karyawan yang terdampak. Apabila total karyawan Shopee mencapai 6.000 orang, artinya ada sekitar 186 orang yang dirumahkan. Menariknya, jumlah tersebut jauh dari data yang masuk ke daftar milik akun komunitas karyawan startup, Ecommurz. Jumlah ex-karyawan Shopee yang mengisi daftar pencari kerja yang disediakan mencapai 515 nama. PHK yang dilakukan Shopee sebenarnya bukan hal baru karena sudah dilakukan di berbagai negara lain juga.Shopee telah menutup kantornya di sejumlah negara Amerika Latin. Laporan Reuters mengutip tiga sumber mengatakan perusahaan menutup operasional lokal di Cile, Kolombia, dan Meksiko, bahkan menutup seluruhnya di Argentina. Gonjang-ganjing soal PHK Shopee secara global sudah mulai berhembus sejak Juni tahun ini, tempat Shopee dilaporkan akan melakukan PHK skala besar di beberapa pasar utama, termasuk Indonesia."
Y,"Layanan WhatsApp down yang dilaporkan terjadi sejak Selasa (25/10/2022) siang, kini diketahui sudah berangsur normal. Berdasarkan pantauan Tekno Liputan6.com, akses ke layanan WhatsApp kini sudah bisa dilakukan. WhatsApp kini kembali bisa diakses melalui aplikasi maupun situs web. Saat dicoba untuk berkirim pesan, baik secara pribadi maupun dalam grup, pesan sudah bisa diterima. Kembalinya layanan WhatsApp ini terjadi tidak beberapa lama setelah Meta mengetahui adanya masalah di layanan aplikasi chatting tersebut. Dalam keterangannya, perusahaan memastikan akan secepat mungkin mengatasinya. ""Kami menyadari beberapa orang saat ini mengalami masalah saat mengirimkan pesan dan kami tengah berupaya memulihkan WhatsApp untuk semua orang secepat mungkin,"" tutur juru bicara Meta pada TechCrunch. Meski sudah kembali normal, penyebab matinya akses aplikasi chatting ini belum diketahui. Hanya informasi WaBetaInfo yang dikutip dari Tech Crunch, menyebut penyebab tumbangnya layanan WhatsApp kali ini karena persoalan server. Sebagai informasi, ini merupakan kejadian WhatsApp tumbang pertama sejak layanan sempat mengalami hal serupa tahun lalu. Bahkan ketika itu, tidak hanya WhatsApp, layanan lain milik Meta, seperti Instagram, Messenger, Oculus, dan Facebook juga ikut tumbang. Pemadaman itu memakan waktu hampir enam jam sebelumnya WhatsApp kembali online. Meta, yang dikenal sebagai Facebook ketika itu, mengatakan pemadaman besar-besaran disebabkan oleh perubahan konfigurasi pada routernya. WhatsApp eror memang relatif jarang, tetapi ketika terjadi, implikasinya terbilang besar untuk komunikasi di seluruh dunia. Sebab, layanan ini digunakan oleh lebih dari dua miliar orang setiap bulan."
Z,"Pemprov DKI Jakarta menggelar vaksinasi COVID-19 malam hari di 44 puskesmas di kecamatan DKI. Kegiatan ini digelar untuk menggenjot capaian vaksinasi booster kedua. Hal ini disampaikan oleh Dinas Kesehatan DKI Jakarta melalui Instagramnya @dinkesdki. Vaksinasi diselenggarakan pada Senin-Jumat pukul 16.00-20.00 WIB. ""Vaksinasi COVID-19 sore dan malam hari? Ada dong di Jakarta! Serempak di 44 Puskesmas kecamatan DKI Jakarta atau lokasi lain yang disediakan,"" demikian keterangan dari @dinkesdki seperti dilihat, Kamis (8/12/2022). ""Untuk usia 6 tahun ke atas sesuai ketentuan,"" jelasnya. Sementara itu, Kepala Puskesmas Sawah Besar Lusi Widiastuti menyampaikan kegiatan vaksinasi COVID-19 di lokasinya dimulai sejak pekan lalu. Setiap harinya, tenaga kesehatan (nakes) menyuntikkan 11-20 dosis vaksin. ""Selama ini tidak lebih dari 20 malam hari, rata-rata segitu,"" terangnya. ""Memang saat ini untuk menguatkan booster lansia kedua, terutama buat orang tua atau lansia yang pengantarnya bekerja. Jadi kami fasilitasi malam hari,"" ujarnya. Merujuk situs Kementerian Kesehatan RI, sejauh ini capaian dosis pertama di DKI Jakarta sebanyak 12.627.476 atau 134,58 persen. Sedangkan dosis dua 10.906.730 atau 116,24%. Sejauh ini, baru 6,1% dari target 761.297 lansia yang menerima vaksinasi booster kedua. Sedangkan untuk nakes cakupannya mencapai 66,02 persen."
AA,"Gol kedua Jepang dalam pertandingan melawan Spanyol pada laga terakhir Grup E Piala Dunia 2022 menimbulkan kontroversi. Duel Jepang vs Spanyol di Piala Dunia 2022 yang berlangsung di Stadion Internasional Khalifa, Ar-Rayyan, Qatar, Jumat (2/12/2022) dini hari WIB, tuntas dengan skor 2-1. Gol-gol Jepang dibukukan oleh Ritsu Doan pada menit ke-48 dan Ao Tanaka (51'). Sementara itu, satu gol Spanyol tercipta berkat sundulan Alvaro Morata (11'). Akan tetapi, gol kedua Jepang yang membuat Spanyol kalah menghadirkan kontroversi. Baca juga: Hasil Piala Dunia 2022: Jepang-Spanyol ke 16 Besar, Jerman dan Belgia Tersingkir Dalam prosesnya, gol kedua Jepang tercipta dari umpan silang Ritsu Doan ke dalam kotak penalti. Kaoru Mitoma lalu menyambarnya dan dituntaskan oleh Ao Tanaka. Wasit sempat memeriksa VAR (Video Assistant Referee) karena ada indikasi bola sudah keluar atau melewati garis sebelum disambut Kaoru Mitoma. Meski demikian, VAR memutuskan gol Tanaka sah. FIFA menjelaskan bahwa gol tersebut sah karena bola belum sepenuhnya melewati garis putih. ""Gol kedua Jepang harus dicek oleh VAR, tetapi Mitoma melakukan umpan silang yang cukup untuk Tanaka sebelum seluruh bola melewati garis,"" tulis pernyataan FIFA."
AB,"Tragedi di Stadion Kanjuruhan Malang terjadi pasca-pertandingan Arema FC vs Persebaya pada hari Sabtu (1/10/2022). Diketahui, insiden tersebut menyebabkan seratusan korban meninggal dunia. Berikut ini beberapa hal yang diketahui terkait tragedi Stadion Kanjuruhan Malang sejauh ini. ""Terkait dengan proses pertandingan tidak ada permasalahan, semuanya selesai. Permasalahan terjadi pada saat setelah selesai, terjadi kekecewaan dari para penonton yang melihat tim kesayangannya tidak pernah kalah selama 23 tahun bertanding di kandang sendiri,"" kata Nico dalam konferensi pers di Polres Malang, seperti dilansir detikJatim, Minggu (2/10/2022). Nico mengatakan karena suporter kecewa timnya kalah, mereka lalu turun ke tengah lapangan dan berusaha mencari para pemain dan ofisial untuk melampiaskan kekecewaannya. ""Oleh karena pengamanan melakukan upaya-upaya pencegahan dan melakukan pengalihan supaya mereka tidak masuk ke dalam lapangan mengincar para pemain,"" ujarnya. Polisi lalu menembakkan gas air mata karena para suporter anarkis. Aremania, kata Nico, menyerang petugas kepolisian hingga merusak sejumlah fasilitas stadion. ""(Lalu) Mereka pergi keluar di satu titik, di pintu keluar yaitu kalau nggak salah pintu 10.. kemudian terjadi penumpukan. Di dalam proses penumpukan itulah terjadi.. kurang oksigen yang oleh tim medis dan tim gabungan ini dilakukan upaya penolongan yang ada di dalam stadion kemudian juga dilakukan evakuasi ke beberapa rumah sakit,"" terang Nico."
AC,"Salah satu karyawan Tokopedia bercerita apa yang dilakukannya usai diumumkan pemutusan hubungan kerja (PHK) pada Jumat lalu. Saat itu, pihak manajemen PT GoTo Gojek Tokopedia Tbk. berjanji akan mengirimkan surat elektronik atau email pengumuman PHK hanya kepada karyawan yang terkena efisiensi tersebut. Perusahaan sebelumnya menyatakan email akan dikirim dalam rentang waktu pukul 6 petang hingga 10 malam hari Jumat itu. ""Jadi kami (karyawan) refresh terus email tuh buat cek sampai malam,"" tutur salah satu karyawan Tokopedia saat dihubungi Tempo pada Sabtu, 19 November 2022. Ia lalu memilih menunggu kabar itu di rumah sambil terus menerus berkomunikasi dengan timnya. Hatinya pilu ketika satu per satu rekan kerjanya memberi tahu bahwa mereka ikut terdampak PHK. Ada yang mendapat e-mail pukul 7, ada juga yang nyaris pukul 10 malam. ""Aku terus bantu nguatin dan ikhlas bareng-bareng."" Hingga akhirnya pukul 10 malam, ia mulai tenang karena tak ada email yang datang. Artinya dia lolos dari pemangkasan terhadap total 1.300 karyawan GoTo ini. Meski begitu, ia kebingungan karena jumlah anggota timnya berkurang drastis. Apalagi karyawan kontrak dan tenaga magang telah dipastikan tidak akan diperpanjang masa kerjanya. Padahal sebelumnya, kontrak tenaga magang disebut bisa berlanjut maksimal satu tahun. Ketika mengetahui satu per satu rekannya yang terkena PHK, ia mengaku terkejut. Pasalnya, pemangkasan dilakukan tidak hanya pada level junior, melainkan beberapa karyawan dengan jabatan yang tinggi. Selain itu, pemangkasan karyawan juga terjadi di divisi teknologi, yang punya peran sangat signifikan dalam kegiatan kerja di Tokopedia. ""Ini memang clueless, sih,"" ucapnya. Namun saat berdiskusi dengan rekan-rekannya, ia memahami alasan perusahaan memutuskan hubungan kerja karena proyek kerja mereka tak sesuai dengan arah bisnis grup GoTo yang baru. Hingga saat ini, ia tak mengetahui secara pasti siapa saja atau berapa jumlah total karyawan Tokopedia yang terkena PHK. Dari yang dia dengar, PHK dilakukan di seluruh divisi, termasuk pada karyawan asing di perusahaan grup GoTo. Dalam hal ini, ia menilai perusahaan sangat ketat dalam merahasiakan informasi soal PHK ini kepada karyawan-karyawannya. Bahkan sebagian besar informasi soal siapa saja yang terdampak, lebih banyak ia ketahui dari akun Linkedln rekan-rekannya. ""Kami tahu biasanya hanya dari teman atau dia update di LinkedIn,"" ujarnya."
AD,"Maroko menyingkirkan Spanyol di Piala Dunia Qatar 2022. Achraf Hakimi mencetak gol yang menentukan dalam adu penalti Selasa (6/12/2022). Ini untuk mengirim Maroko ke perempat final pertama kalinya dalam sejarah. Sebelumnya, Maroko menahan imbang Spanyol, tanpa gol. Pelatih Spanyol Luis Enrique mengklaim bahwa dia memberi para pemainnya ""pekerjaan rumah"" dengan mengambil masing-masing 1.000 penalti. Namun Pablo Sarabia, Carlos Soler dan Sergio Busquets semuanya gagal. ""Penalti merugikan kami, tetapi saya bangga dengan tim saya,"" kata Luis Enrique, dikutip AFP. ""Saya mengambil semua tanggung jawab karena saya memilih tiga pemain pertama dan para pemain memutuskan sisanya - kami tidak mencapai yang keempat,"" tambahnya. ""Bounou (kiper Maroko) adalah penjaga gawang yang hebat dalam hal adu penalti dan hari ini dia luar biasa."" Sebelumnya, Spanyol berharap mereka bisa mengulangi kemenangan Piala Dunia 2010 setelah mencapai semifinal Euro 2020. Di mana mereka juga dikalahkan melalui adu penalti oleh Italia. Maroko sebelumnya mencetak rekor terbaik di Piala Dunia 1986, meski tersingkir di babak 16 besar. Kemungkinan mereka akan menghadapi Portugal atau Swiss."
AE,"Tembakan gas air mata dari aparat telah menyebabkan ratusan suporter bola kehilangan nyawa di Stadion Kanjuruhan Malang pada 1 Oktober 2022, tepat sebulan silam. Semua menyebut peristiwa itu sebagai Tragedi Kanjuruhan Malang. Setidaknya sudah 135 korban Tragedi Kanjuruhan dinyatakan tewas. Masih ada sejumlah orang dirawat intensif di rumah sakit. Belum lagi, para korban yang mengalami luka dan membekas hingga kini. Tim Gabungan Independen Pencari Fakta (TGIPF) yang dibentuk oleh Presiden Joko Widodo telah menerbitkan laporan. Namun itu seperti tak berarti. Kasus yang menyebabkan ratusan nyawa melayang itu hingga kini seperti mandek jalan di tempat. Tragedi Kanjuruhan terjadi usai pertandingan lanjutan BRI Liga 1 antara Arema FC vs Persebaya Surabaya. Laga yang dikenal sebagai derby Jatim itu berakhir dengan kemenangan tim tamu, Sabtu (1/10) malam. Sejumlah suporter kemudian ada yang turun ke lapangan ketika tim dan ofisial Arema FC menghampiri tribun untuk meminta maaf kepada para pendukungnya karena kekalahan tersebut. Komnas HAM menyebut peristiwa dimulai sekitar pukul 22.08.59 WIB atau kira-kira 20 menit setelah peluit pertandingan selesai dibunyikan. Pada menit itulah gas air mata pertama ditembakkan aparat untuk menghalau suporter di lapangan. Namun, bukan hanya di lapangan, dari rekaman yang beredar terlihat pula gas air mata itu ditembakkan ke arah tribun penonton. Para suporter di tribun panik, mereka berhamburan berdesak-desakan ke arah pintu keluar yang terbatas sambil menahan rasa perih di mata."
AF,"Kapolri Jenderal Listyo Sigit Prabowo memaparkan kronologi kejadian tragedi Kanjuruhan Malang pascalaga Arema FC va Persebaya Surabaya pada 1-2 Oktober 2022 yang menewaskan 131 orang. “Berdasarkan hasil pemeriksaan tim dan pendalaman, ada beberapa hal yang harus saya sampaikan sebagai bagian kronologis,” kata Kapolri saat konferensi pers, Kamis malam, 6 Oktober 2022. Pada 12 September 2022, Panitia Pelaksana Arema FC mengirim surat kepada Polres Malang terkait permohonan rekomendasi pertandingan Arema FC vs Persebaya dilaksanakan 1 Oktober 2022 pukul 20.00 WIB. Namun Polres meminta panitia mengubah jadwal menjadi pukul 15.30 WIB karena pertimbangan faktor keamanan. Namun ini ditolak PT Liga Indonesia Baru (LIB) karena alasan masalah penayangan siaran langsung hingga kerugian ekonomi. “Oleh karena itu, Polres menyiapkan 2.034 personel dari awal rencana 1.073 dan hanya suporter Aremania yang diperbolehkan hadir,” ujar Kapolri. Laga Arema FC vs Persebaya berjalan pada pukul 20.00 WIB dengan skors 3-2 untuk kemenangan Persebaya. Suporter kemudian masuk lapangan usai laga sehingga aparat melakukan pengamanan mengerahkan empat unit barakuda untuk ofisial dan pemain Persebaya. “Evakuasi berjalan lancar hampir sejam karena sempat ada penghadangan dari massa. Namun evakuasi yang dipimpin Kapolres Malang berjalan lancar,” katanya."